don_vi,file_nguon,ghi_chu,trang_thai,so_cau_chinh_thuc,so_cau_cho_duyet,so_cau_cach_ly,cap_nhat
D00,0. ĐỀ THAM KHẢO TN THPT 2025.pdf,"Đề tham khảo của Bộ, 16 trang gồm đề, đáp án, lời giải. 22 câu",xong,22,0,0,2026-10-09 13:10 UTC
D01,(NBV)-ĐỀ SỐ 1-MỖI NGÀY 1 ĐỀ THI 2025.pdf,"Đề thi thử NBV, khoảng 22 câu; TN Câu 10 trùng hoàn toàn L11-B21-0001 đã bỏ",xong,21,0,0,2026-10-09 14:10 UTC
D02,(NBV)-ĐỀ SỐ 2-MỖI NGÀY 1 ĐỀ THI 2025.pdf,"Đề thi thử NBV, khoảng 22 câu; TN Câu 7 và Câu 11 trùng hoàn toàn câu đã có, đã bỏ",xong,20,0,0,2026-10-09 15:20 UTC
D03,(NBV)-ĐỀ SỐ 3-MỖI NGÀY 1 ĐỀ THI 2025.pdf,"Đề thi thử NBV, 22 câu; TN Câu 8 trùng hoàn toàn đã bỏ; đáp án gốc DS Câu 3 ý d sai; đã duyệt 10/10/2026",xong,21,0,0,2026-10-10 03:12 UTC
D04,(NBV)-ĐỀ SỐ 4-MỖI NGÀY 1 ĐỀ THI 2025.pdf,"Đề thi thử NBV, 22 câu; TN Câu 1, Câu 8 và TLN Câu 5 trùng hoàn toàn đã bỏ; TLN Câu 2 (Vật lí) cách ly; đã duyệt 10/10/2026 (10 câu và 10 dạng mới)",xong,18,0,1,2026-10-10 06:10 UTC
D05,(NBV)-ĐỀ SỐ 5-MỖI NGÀY 1 ĐỀ THI 2025.pdf,"Đề thi thử NBV, khoảng 22 câu",chua-lam,,,,
D06,(NBV)-ĐỀ SỐ 6-MỖI NGÀY 1 ĐỀ THI 2025.pdf,"Đề thi thử NBV, khoảng 22 câu",chua-lam,,,,
D07,(NBV)-ĐỀ SỐ 7-MỖI NGÀY 1 ĐỀ THI 2025.pdf,"Đề thi thử NBV, khoảng 22 câu",chua-lam,,,,
D08,(NBV)-ĐỀ SỐ 8-MỖI NGÀY 1 ĐỀ THI 2025.pdf,"Đề thi thử NBV, khoảng 22 câu",chua-lam,,,,
D09,(NBV)-ĐỀ SỐ 9-MỖI NGÀY 1 ĐỀ THI 2025.pdf,"Đề thi thử NBV, khoảng 22 câu",chua-lam,,,,
D10,(NBV)-ĐỀ SỐ 10-MỖI NGÀY 1 ĐỀ THI 2025.pdf,"Đề thi thử NBV, khoảng 22 câu",chua-lam,,,,
D11,(NBV)-ĐỀ SỐ 11-MỖI NGÀY 1 ĐỀ THI 2025.pdf,"Đề thi thử NBV, khoảng 22 câu",chua-lam,,,,
D12,(NBV)-ĐỀ SỐ 12-MỖI NGÀY 1 ĐỀ THI 2025.pdf,"Đề thi thử NBV, khoảng 22 câu",chua-lam,,,,
D13,(NBV)-ĐỀ SỐ 13-MỖI NGÀY 1 ĐỀ THI 2025.pdf,"Đề thi thử NBV, khoảng 22 câu",chua-lam,,,,
D14,(NBV)-ĐỀ SỐ 14-MỖI NGÀY 1 ĐỀ THI 2025.pdf,"Đề thi thử NBV, khoảng 22 câu",chua-lam,,,,
D15,(NBV)-ĐỀ SỐ 15-MỖI NGÀY 1 ĐỀ THI 2025.pdf,"Đề thi thử NBV, khoảng 22 câu",chua-lam,,,,
D16,(NBV)-ĐỀ SỐ 16-MỖI NGÀY 1 ĐỀ THI 2025.pdf,"Đề thi thử NBV, khoảng 22 câu",chua-lam,,,,
D17,(NBV)-ĐỀ SỐ 17-MỖI NGÀY 1 ĐỀ THI 2025.pdf,"Đề thi thử NBV, khoảng 22 câu",chua-lam,,,,
D18,(NBV)-ĐỀ SỐ 18-MỖI NGÀY 1 ĐỀ THI 2025.pdf,"Đề thi thử NBV, khoảng 22 câu",chua-lam,,,,
D19,(NBV)-ĐỀ SỐ 19-MỖI NGÀY 1 ĐỀ THI 2025.pdf,"Đề thi thử NBV, khoảng 22 câu",chua-lam,,,,
H01,(NBV)-10 ĐỀ KIỂM TRA HK2-TOÁN 12-DUNG CHUNG 3 SÁCH.pdf,Đề thứ 1 trong file 113 trang (tự xác định trang của đề này),chua-lam,,,,
H02,(NBV)-10 ĐỀ KIỂM TRA HK2-TOÁN 12-DUNG CHUNG 3 SÁCH.pdf,Đề thứ 2 trong file 113 trang (tự xác định trang của đề này),chua-lam,,,,
H03,(NBV)-10 ĐỀ KIỂM TRA HK2-TOÁN 12-DUNG CHUNG 3 SÁCH.pdf,Đề thứ 3 trong file 113 trang (tự xác định trang của đề này),chua-lam,,,,
H04,(NBV)-10 ĐỀ KIỂM TRA HK2-TOÁN 12-DUNG CHUNG 3 SÁCH.pdf,Đề thứ 4 trong file 113 trang (tự xác định trang của đề này),chua-lam,,,,
H05,(NBV)-10 ĐỀ KIỂM TRA HK2-TOÁN 12-DUNG CHUNG 3 SÁCH.pdf,Đề thứ 5 trong file 113 trang (tự xác định trang của đề này),chua-lam,,,,
H06,(NBV)-10 ĐỀ KIỂM TRA HK2-TOÁN 12-DUNG CHUNG 3 SÁCH.pdf,Đề thứ 6 trong file 113 trang (tự xác định trang của đề này),chua-lam,,,,
H07,(NBV)-10 ĐỀ KIỂM TRA HK2-TOÁN 12-DUNG CHUNG 3 SÁCH.pdf,Đề thứ 7 trong file 113 trang (tự xác định trang của đề này),chua-lam,,,,
H08,(NBV)-10 ĐỀ KIỂM TRA HK2-TOÁN 12-DUNG CHUNG 3 SÁCH.pdf,Đề thứ 8 trong file 113 trang (tự xác định trang của đề này),chua-lam,,,,
H09,(NBV)-10 ĐỀ KIỂM TRA HK2-TOÁN 12-DUNG CHUNG 3 SÁCH.pdf,Đề thứ 9 trong file 113 trang (tự xác định trang của đề này),chua-lam,,,,
H10,(NBV)-10 ĐỀ KIỂM TRA HK2-TOÁN 12-DUNG CHUNG 3 SÁCH.pdf,Đề thứ 10 trong file 113 trang (tự xác định trang của đề này),chua-lam,,,,
T00,[nbv.edu.vn]-TOM TAT LY THUYET THPT.pdf,"Tóm tắt lý thuyết 36 trang, không phải kho câu hỏi. Chờ giáo viên quyết định",bo-qua,,,,
